Steam Game,Rainbow Six Siege
day1,89017
day2,103545
day3,103115
day4,96823
day5,94284
day6,123540
day7,113865
day8,93312
day9,91078
day10,88450
day11,86376
day12,104367
day13,116310
day14,103467
day15,81221
day16,81982
day17,82804
day18,73833
day19,97837
day20,109947
day21,97599
day22,78069
day23,79987
day24,81389
day25,83162
day26,119881
day27,123794
day28,107567
day29,83210
day30,82761
day31,80912
