Steam Game,Path of Exile
day1,38275
day2,36429
day3,35165
day4,34291
day5,34069
day6,38087
day7,39108
day8,34962
day9,31837
day10,29975
day11,29380
day12,29196
day13,31981
day14,33044
day15,28013
day16,26229
day17,25741
day18,24945
day19,24735
day20,28106
day21,28963
day22,24542
day23,23680
day24,22794
day25,21938
day26,21797
day27,24337
day28,25246
day29,20391
day30,19525
day31,18434
